Cluster,Window,Value
1.0,0.0,0.06776271442638436
2.0,0.0,0.04385211017320703
3.0,0.0,0.03583634584414115
4.0,0.0,0.032950112481827575
5.0,0.0,0.03150149156940761
7.0,0.0,0.02910630522063841
8.0,0.0,0.027281547994025403
9.0,0.0,0.02602557551043581
10.0,0.0,0.025365757631835857
11.0,0.0,0.025103935195452856
12.0,0.0,0.024428911360640463
13.0,0.0,0.02390191363725243
14.0,0.0,0.023550085989028684
15.0,0.0,0.023129878808175314
16.0,0.0,0.022483250802625036
17.0,0.0,0.022121968177419588
18.0,0.0,0.02188152448992269
19.0,0.0,0.021614435818878945
20.0,0.0,0.021196310237952577
25.0,0.0,0.02036961531000481
30.0,0.0,0.019443343214116615
40.0,0.0,0.017909174402328008
50.0,0.0,0.016809964649126194
100.0,0.0,0.012705685529070978
1.0,1.0,0.06776271442638436
2.0,1.0,0.04478364323962159
3.0,1.0,0.03645015486049084
4.0,1.0,0.034319797018240096
5.0,1.0,0.032114627339426605
7.0,1.0,0.03049420188454484
8.0,1.0,0.02967939349112254
9.0,1.0,0.028887681871352884
10.0,1.0,0.0281549557688404
11.0,1.0,0.02807480413274231
12.0,1.0,0.027800870020246973
13.0,1.0,0.02778184866149943
14.0,1.0,0.027731735361471044
15.0,1.0,0.027461634311034648
16.0,1.0,0.02715552661413767
17.0,1.0,0.027047824748960298
18.0,1.0,0.026874225679078427
19.0,1.0,0.026633019429798854
20.0,1.0,0.02640611041955488
25.0,1.0,0.02553371360762542
30.0,1.0,0.024504980914552336
40.0,1.0,0.023499597701107898
50.0,1.0,0.022711569340437655
100.0,1.0,0.018933286276177744
